0.0524075349915382, 0.0372446932215237, 0.0037947381117456, 0.0533267408096689, 0.0356124678305207, 0.0016535244637496, 0.0000000000000000, 0.0000000000000000, -1.5132570824738663, 0.0000000000000000, 0.0000000000000000, -0.5480844566262351, 0.0000000000000000, 0.0000000000000000, 0.0000000000000000, 0.0000000000000000, 0.0000000000000000, 0.0000000000000000, 0.0010355179272757, 0.0018154622343441, 0.0000123255795537, 0.0000664195823482, 0.0000000000000000, 0.0000000000000000, 0.0000000000000000, 0.0000000000000000, 0.0000000000000000, 0.0000000000000000, 0.0000000000000000, 0.0000000000000000, 0.0000000000000000, 0.0000084616966336, -0.0000150253575683, 0.0000150862156791, -0.0000144236693179, -0.0000081228492271, 0.0000000000000000, -0.0044261827374782, 0.0078595323341438, 0.0345886421723324
0.0524074990809936, 0.0372447569875503, 0.0037798851847955, 0.0533267474736414, 0.0356124559973654, 0.0016487992913214, -0.0035910544556438, 0.0063766026578207, -1.4852926950090146, 0.0006663972552960, -0.0011833155307926, -0.4725172428143746, -27.2830659399022473, -15.3647609494604094, 0.0000000000000000, -2.8878510163230562, -1.6263253045386667, 0.0000000000000000, 0.0010355179272757, 0.0018154622343441, 0.0000123255795537, 0.0000664195823482, 0.0000084616966336, -0.0000150253575683, 0.0000150862156791, 0.0000000000000000, 0.0000000000000000, 0.0000000000000000, 0.0000000000000000, 0.0000000000000000, 0.0000000000000000, 0.0000060974023972, -0.0000108271018477, 0.0000109231244462, -0.0000185447226700, -0.0000104436660941, 0.0000000000000000, -0.0067068194453236, 0.0119092381440667, 0.0466788621157093
0.0524074087566228, 0.0372449173757121, 0.0037654099921984, 0.0533267626666325, 0.0356124290193097, 0.0016448022202267, -0.0090324370827989, 0.0160388161806498, -1.4475192597093884, 0.0015192991070876, -0.0026978055732498, -0.3997071094760340, -62.3613029884437680, -35.1194588989709757, 0.0000000000000140, -6.2172355394055732, -3.5013050967173927, 0.0000000000000015, 0.0010355179272757, 0.0018154622343441, 0.0000123255795537, 0.0000664195823482, 0.0000060974023972, -0.0000108271018477, 0.0000109231244462, 0.0000000000000000, 0.0000000000000000, 0.0000000000000000, 0.0000000000000000, 0.0000000000000000, 0.0000000000000000, 0.0000037936617972, -0.0000067363706671, 0.0000068304778830, -0.0000222717657686, -0.0000125425917201, 0.0000000000000000, -0.0087266351842360, 0.0154958065373183, 0.0574100966762155
0.0524072476312389, 0.0372452034845872, 0.0037513995987005, 0.0533267874275273, 0.0356123850516144, 0.0016415048114794, -0.0161125383844871, 0.0286108875139124, -1.4010393497862088, 0.0024760894856726, -0.0043967695255992, -0.3297408747283578, -104.4894217541173589, -58.8443758680122073, 0.0000000000000480, -9.8032719360327523, -5.5208212358349673, 0.0000000000000051, 0.0010355179272757, 0.0018154622343441, 0.0000123255795537, 0.0000664195823482, 0.0000037936617972, -0.0000067363706671, 0.0000068304778830, 0.0000000000000000, 0.0000000000000000, 0.0000000000000000, 0.0000000000000000, 0.0000000000000000, 0.0000000000000000, 0.0000016014430743, -0.0000028436678670, 0.0000028986203415, -0.0000256454791310, -0.0000144425357894, 0.0000000000000000, -0.0107350933470870, 0.0190622073863027, 0.0674335925186374
0.0190896515410362, 0.0100135113094650, 0.0039616133875104, 0.0185339913627422, 0.0127263004438322, 0.0017988707070391, 0.0000000000000000, 0.0000000000000000, -1.5121748795203462, 0.0000000000000000, 0.0000000000000000, -0.7926210778026133, 0.0000000000000000, 0.0000000000000000, 0.0000000000000000, 0.0000000000000000, 0.0000000000000000, 0.0000000000000000, 0.0015647890724078, 0.0019516836292817, 0.0000425306379428, 0.0000825206691717, 0.0000000000000000, 0.0000000000000000, 0.0000000000000000, 0.0000000000000000, 0.0000000000000000, 0.0000000000000000, 0.0000000000000000, 0.0000000000000000, 0.0000000000000000, -0.0000085637025047, 0.0000418088609050, 0.0000546422526873, 0.0000212377694895, 0.0000043501290357, 0.0000000000000000, 0.0026707230852891, -0.0130387399523952, 0.0279738433865681
0.0524069994098017, 0.0372456442491303, 0.0037379353270162, 0.0533268224371933, 0.0356123228852698, 0.0016388769961784, -0.0248221437221494, 0.0440764543079282, -1.3464271684361688, 0.0035009665933622, -0.0062166344620838, -0.2627815301000320, -152.9990820054719052, -86.1631286483415124, 0.0000000000000857, -13.4918554653046154, -7.5980879291831016, 0.0000000000000091, 0.0010355179272757, 0.0018154622343441, 0.0000123255795537, 0.0000664195823482, 0.0000016014430743, -0.0000028436678670, 0.0000028986203415, 0.0000000000000000, 0.0000000000000000, 0.0000000000000000, 0.0000000000000000, 0.0000000000000000, 0.0000000000000000, -0.0000004334041005, 0.0000007695917099, -0.0000007887563812, -0.0000285003229169, -0.0000160502727063, 0.0000000000000000, -0.0128164489551234, 0.0227580515641086, 0.0766693771914121
0.0190896578205636, 0.0100134806521775, 0.0039465564311076, 0.0185339881263130, 0.0127263162444069, 0.0017916658904232, 0.0006279527452382, -0.0030657287506342, -1.5056956402798174, -0.0003236429263235, 0.0015800574672112, -0.7204816615898855, 5.0984176064366284, 1.0443080887929868, 0.0000000000000000, 2.1067885359212095, 0.4315331695585772, 0.0000000000000000, 0.0015647890724078, 0.0019516836292817, 0.0000425306379428, 0.0000825206691717, -0.0000085637025047, 0.0000418088609050, 0.0000546422526873, 0.0000000000000000, 0.0000000000000000, 0.0000000000000000, 0.0000000000000000, 0.0000000000000000, 0.0000000000000000, -0.0000077921906802, 0.0000380422622243, 0.0000499015078277, 0.0000265102866996, 0.0000054300979193, 0.0000000000000000, 0.0042121234433145, -0.0205640122434562, 0.0382473415231464
0.0524066472058386, 0.0372462696544967, 0.0037250921089944, 0.0533268682178313, 0.0356122415930081, 0.0016368874677031, -0.0352203963148677, 0.0625405366376214, -1.2843218021754148, 0.0045780638086509, -0.0081292261675499, -0.1989528475241332, -206.9088169217684481, -116.5229933227238917, 0.0000000000001140, -17.1134653533783059, -9.6376376742530745, 0.0000000000000121, 0.0010355179272757, 0.0018154622343441, 0.0000123255795537, 0.0000664195823482, -0.0000004334041005, 0.0000007695917099, -0.0000007887563812, 0.0000000000000000, 0.0000000000000000, 0.0000000000000000, 0.0000000000000000, 0.0000000000000000, 0.0000000000000000, -0.0000022723376340, 0.0000040349692201, -0.0000041587426818, -0.0000306883385483, -0.0000172824779579, 0.0000000000000000, -0.0149914158618942, 0.0266201204716378, 0.0849228353232733
0.0190896740038302, 0.0100134016438347, 0.0039315884226205, 0.0185339802388150, 0.0127263547519691, 0.0017851734144799, 0.0016183266608571, -0.0079008342741229, -1.4968008487143023, -0.0007887498002682, 0.0038507562202343, -0.6492475943339553, 11.4625752232607567, 2.3478775079030210, 0.0000000000000028, 4.4531579323798622, 0.9121396496799030, 0.0000000000000012, 0.0015647890724078, 0.0019516836292817, 0.0000425306379428, 0.0000825206691717, -0.0000077921906802, 0.0000380422622243, 0.0000499015078277, 0.0000000000000000, 0.0000000000000000, 0.0000000000000000, 0.0000000000000000, 0.0000000000000000, 0.0000000000000000, -0.0000069737223645, 0.0000340464172088, 0.0000448382941134, 0.0000339162030744, 0.0000069470506235, 0.0000000000000000, 0.0053594612231356, -0.0261654312116178, 0.0486936239148880
0.0524061733733889, 0.0372471110344577, 0.0037129369066641, 0.0533269252450247, 0.0356121403303408, 0.0016355042419439, -0.0473832449635290, 0.0841379960963140, -1.2155202330335801, 0.0057027193372015, -0.0101262667362936, -0.1383225759229915, -264.9572888982994527, -149.2136336402560914, 0.0000000000001400, -20.4887297508741320, -11.5384552261727613, 0.0000000000000148, 0.0010355179272757, 0.0018154622343441, 0.0000123255795537, 0.0000664195823482, -0.0000022723376340, 0.0000040349692201, -0.0000041587426818, 0.0000000000000000, 0.0000000000000000, 0.0000000000000000, 0.0000000000000000, 0.0000000000000000, 0.0000000000000000, -0.0000038860104007, 0.0000069003532403, -0.0000071530244989, -0.0000321168064992, -0.0000180869355155, 0.0000000000000000, -0.0172415237210117, 0.0306156164832013, 0.0920052316118405
0.0190897027885096, 0.0100132611141218, 0.0039167339238306, 0.0185339669019699, 0.0127264198637944, 0.0017793808997695, 0.0028784679336844, -0.0140529712928126, -1.4854498789918082, -0.0013336845100363, 0.0065111825335569, -0.5792514710361050, 19.6046245558523893, 4.0156122118320230, 0.0000000000000049, 7.1639219223090587, 1.4673850179521901, 0.0000000000000020, 0.0015647890724078, 0.0019516836292817, 0.0000425306379428, 0.0000825206691717, -0.0000069737223645, 0.0000340464172088, 0.0000448382941134, 0.0000000000000000, 0.0000000000000000, 0.0000000000000000, 0.0000000000000000, 0.0000000000000000, 0.0000000000000000, -0.0000061155860632, 0.0000298569090799, 0.0000394905211263, 0.0000431422929049, 0.0000088368291748, 0.0000000000000000, 0.0063443842153681, -0.0309739247763724, 0.0599499329420219
0.0524055596568580, 0.0372482008053064, 0.0037015271809848, 0.0533269940096860, 0.0356120182255586, 0.0016346951913628, -0.0613716530914103, 0.1089770848789253, -1.1409725679311471, 0.0068764661325530, -0.0122104782199385, -0.0809050581109333, -325.7077768762045480, -183.4259442141363934, 0.0000000000001708, -23.4416603095248526, -13.2014307962192774, 0.0000000000000181, 0.0010355179272757, 0.0018154622343441, 0.0000123255795537, 0.0000664195823482, -0.0000038860104007, 0.0000069003532403, -0.0000071530244989, 0.0000000000000000, 0.0000000000000000, 0.0000000000000000, 0.0000000000000000, 0.0000000000000000, 0.0000000000000000, -0.0000052553493432, 0.0000093318759165, -0.0000097304049545, -0.0000327541253251, -0.0000184458486754, 0.0000000000000000, -0.0195207362308134, 0.0346627933576422, 0.0977703204025069
0.0190897464903981, 0.0100130477570866, 0.0039020194010915, 0.0185339476584319, 0.0127265138126912, 0.0017742720521817, 0.0043701888488294, -0.0213357035241172, -1.4714522739091103, -0.0019243537981189, 0.0093948896792349, -0.5108847587806964, 29.9615231857662323, 6.1370141543432464, 0.0000000000000089, 10.3295163079170749, 2.1157932257370082, 0.0000000000000037, 0.0015647890724078, 0.0019516836292817, 0.0000425306379428, 0.0000825206691717, -0.0000061155860632, 0.0000298569090799, 0.0000394905211263, 0.0000000000000000, 0.0000000000000000, 0.0000000000000000, 0.0000000000000000, 0.0000000000000000, 0.0000000000000000, -0.0000052269778173, 0.0000255186338383, 0.0000339086757214, 0.0000536709881356, 0.0000109934201884, 0.0000000000000000, 0.0072490285284177, -0.0353904897179941, 0.0719005105121615
0.0524047875645189, 0.0372495718026339, 0.0036909097053254, 0.0533270750428862, 0.0356118743356439, 0.0016344284944963, -0.0772092339091986, 0.1370997327483944, -1.0617475659411952, 0.0081033200107354, -0.0143889914663975, -0.0266696866536509, -387.6637841410921510, -218.3171563346848529, 0.0000000000001969, -25.8129609722868913, -14.5368550444651383, 0.0000000000000208, 0.0010355179272757, 0.0018154622343441, 0.0000123255795537, 0.0000664195823482, -0.0000052553493432, 0.0000093318759165, -0.0000097304049545, 0.0000000000000000, 0.0000000000000000, 0.0000000000000000, 0.0000000000000000, 0.0000000000000000, 0.0000000000000000, -0.0000063717709112, 0.0000113142955166, -0.0000118678437256, -0.0000326248994265, -0.0000183730736785, 0.0000000000000000, -0.0217642734548411, 0.0386466219523800, 0.1021259100517293
0.0190898072365372, 0.0100127511882976, 0.0038874729531531, 0.0185339223019923, 0.0127266376053916, 0.0017698270400663, 0.0060746139125147, -0.0296568789002355, -1.4546447938402385, -0.0025356439643349, 0.0123792700354949, -0.4445012115361224, 42.8459793901022508, 8.7761353234095463, 0.0000000000000191, 13.9829439830631976, 2.8641242506727802, 0.0000000000000079, 0.0015647890724078, 0.0019516836292817, 0.0000425306379428, 0.0000825206691717, -0.0000052269778173, 0.0000255186338383, 0.0000339086757214, 0.0000000000000000, 0.0000000000000000, 0.0000000000000000, 0.0000000000000000, 0.0000000000000000, 0.0000000000000000, -0.0000044448906091, 0.0000217004050656, 0.0000289771211981, 0.0000638826566398, 0.0000130850746668, 0.0000000000000000, 0.0082084720658362, -0.0400745900099009, 0.0837240723764875
0.0524038388940858, 0.0372512563480732, 0.0036811198174939, 0.0533271689113369, 0.0356117076542917, 0.0016346729837460, -0.0948670433127903, 0.1684545439229432, -0.9789887831417987, 0.0093868450710581, -0.0166681352143208, 0.0244489249750993, -449.3753543883161683, -253.0707110397553947, 0.0000000000002112, -27.4710060173517512, -15.4706014869278441, 0.0000000000000224, 0.0010355179272757, 0.0018154622343441, 0.0000123255795537, 0.0000664195823482, -0.0000063717709112, 0.0000113142955166, -0.0000118678437256, 0.0000000000000000, 0.0000000000000000, 0.0000000000000000, 0.0000000000000000, 0.0000000000000000, 0.0000000000000000, -0.0000072366270273, 0.0000128500126371, -0.0000135600964240, -0.0000317998448103, -0.0000179084350277, 0.0000000000000000, -0.0238967150360067, 0.0424331790269288, 0.1050348312777391
0.0190898872828149, 0.0100123603942819, 0.0038731223801200, 0.0185338907175241, 0.0127267918039565, 0.0017660237367373, 0.0080046277714374, -0.0390794015682072, -1.4350573033045038, -0.0031584468171312, 0.0154198564908824, -0.3803303329015848, 58.1818865586426242, 11.9173868138457468, 0.0000000000000277, 17.9942671658260487, 3.6857629570105161, 0.0000000000000114, 0.0015647890724078, 0.0019516836292817, 0.0000425306379428, 0.0000825206691717, -0.0000044448906091, 0.0000217004050656, 0.0000289771211981, 0.0000000000000000, 0.0000000000000000, 0.0000000000000000, 0.0000000000000000, 0.0000000000000000, 0.0000000000000000, -0.0000038672106974, 0.0000188801133679, 0.0000253423961791, 0.0000722772815107, 0.0000148045443791, 0.0000000000000000, 0.0093346944962773, -0.0455729217088937, 0.0946097974266180
0.0524026963446149, 0.0372532851627522, 0.0036721811181757, 0.0533272761905547, 0.0356115171595627, 0.0016353983919271, -0.1142549470879053, 0.2028814679000140, -0.8938699318252739, 0.0107279217810465, -0.0190494729018665, 0.0725408181092473, -509.5262940497375439, -286.9453793346954740, 0.0000000000002184, -28.3195320573141593, -15.9484583301482132, 0.0000000000000231, 0.0010355179272757, 0.0018154622343441, 0.0000123255795537, 0.0000664195823482, -0.0000072366270273, 0.0000128500126371, -0.0000135600964240, 0.0000000000000000, 0.0000000000000000, 0.0000000000000000, 0.0000000000000000, 0.0000000000000000, 0.0000000000000000, -0.0000078600428174, 0.0000139570063721, -0.0000148181753852, -0.0000303831776033, -0.0000171106231898, -0.0000000000000000, -0.0258396118463220, 0.0458831631799278, 0.1065104414049508
0.0190899892772574, 0.0100118624471081, 0.0038589932770118, 0.0185338527279394, 0.0127269772729472, 0.0017628389154846, 0.0101994442491115, -0.0497947173765951, -1.4129103108245986, -0.0037989584644682, 0.0185468990705153, -0.3184821252677474, 75.5330384666278007, 15.4714205721846074, 0.0000000000000383, 22.0955927328653594, 4.5258368377819655, 0.0000000000000158, 0.0015647890724078, 0.0019516836292817, 0.0000425306379428, 0.0000825206691717, -0.0000038672106974, 0.0000188801133679, 0.0000253423961791, 0.0000000000000000, 0.0000000000000000, 0.0000000000000000, 0.0000000000000000, 0.0000000000000000, 0.0000000000000000, -0.0000032783324812, 0.0000160051504159, 0.0000216009958659, 0.0000806525662772, 0.0000165200526608, 0.0000000000000000, 0.0104720196317245, -0.0511254579355436, 0.1054361022480322
0.0524013441529789, 0.0372556862371126, 0.0036641055793036, 0.0533273974229270, 0.0356113018883444, 0.0016365755070485, -0.1352191636050275, 0.2401074360420770, -0.8075538872077928, 0.0121232372361045, -0.0215271218345465, 0.1177115121443791, -566.9975393857184827, -319.3109480724702394, 0.0000000000002160, -28.3017686768675141, -15.9384546855864819, 0.0000000000000229, 0.0010355179272757, 0.0018154622343441, 0.0000123255795537, 0.0000664195823482, -0.0000078600428174, 0.0000139570063721, -0.0000148181753852, 0.0000000000000000, 0.0000000000000000, 0.0000000000000000, 0.0000000000000000, 0.0000000000000000, 0.0000000000000000, -0.0000082593353125, 0.0000146660264153, -0.0000156669285474, -0.0000284993253787, -0.0000160497109316, -0.0000000000000000, -0.0275183278448118, 0.0488640438738623, 0.1066092025393064
0.0190901158939960, 0.0100112442913967, 0.0038451110991362, 0.0185338082462202, 0.0127271944371952, 0.0017602473569471, 0.0126616738648105, -0.0618155711442589, -1.3882177875591024, -0.0044481719285583, 0.0217164247987684, -0.2591558537555407, 94.8947922569578282, 19.4372856027253391, 0.0000000000000496, 26.2202611495647773, 5.3706920308344612, 0.0000000000000205, 0.0015647890724078, 0.0019516836292817, 0.0000425306379428, 0.0000825206691717, -0.0000032783324812, 0.0000160051504159, 0.0000216009958659, 0.0000000000000000, 0.0000000000000000, 0.0000000000000000, 0.0000000000000000, 0.0000000000000000, 0.0000000000000000, -0.0000026747472316, 0.0000130583862413, 0.0000177248553990, 0.0000889320988228, 0.0000182159480300, 0.0000000000000000, 0.0116110221029288, -0.0566861830848378, 0.1161014760606869
0.0462221453613200, 0.0098856046836755, 0.0036449353254602, 0.0460296821753713, 0.0126426602832451, 0.0016201151903871, 0.0000000000000000, 0.0000000000000000, -1.5142278602776154, 0.0000000000000000, 0.0000000000000000, 0.4705336216722641, 0.0000000000000000, 0.0000000000000000, 0.0000000000000000, 0.0000000000000000, 0.0000000000000000, 0.0000000000000000, 0.0016622623692557, 0.0017639671283606, 0.0000509839175551, 0.0000609264601992, 0.0000000000000000, 0.0000000000000000, 0.0000000000000000, 0.0000000000000000, 0.0000000000000000, 0.0000000000000000, 0.0000000000000000, 0.0000000000000000, 0.0000000000000000, -0.0000195040106283, 0.0002793970257313, 0.0003822892339482, 0.0000261183272900, 0.0000018232553898, -0.0000000000000000, 0.0011213718070558, -0.0160637703496552, 0.0313229839825094
0.0523997686994043, 0.0372584837556618, 0.0036568940021474, 0.0533275330679501, 0.0356110610247136, 0.0016381762494441, -0.1575453574564999, 0.2797518549198172, -0.7211577156202773, 0.0135645023081581, -0.0240863630832100, 0.1600742395549113, -620.9053874103869930, -349.6697501229209024, 0.0000000000002136, -27.4011670510603658, -15.4312708990684051, 0.0000000000000226, 0.0010355179272757, 0.0018154622343441, 0.0000123255795537, 0.0000664195823482, -0.0000082593353125, 0.0000146660264153, -0.0000156669285474, 0.0000000000000000, 0.0000000000000000, 0.0000000000000000, 0.0000000000000000, 0.0000000000000000, 0.0000000000000000, -0.0000084572044297, 0.0000150173808029, -0.0000161420621470, -0.0000262803711912, -0.0000148000822893, -0.0000000000000000, -0.0288677501631696, 0.0512602007821039, 0.1054219288241389
0.0523997686994043, 0.0372584837556618, 0.0036568940021474, 0.0529001494400012, 0.0390506590767338, 0.0055924625979478, -0.1575453574564999, 0.2797518549198172, -0.7211577156202773, 0.0000000000000000, 0.0000000000000000, -1.5015577004413507, -620.9053874103869930, -349.6697501229209024, 0.0000000000002136, 0.0000000000000000, 0.0000000000000000, 0.0000000000000000, 0.0010355179272757, 0.0016546059081585, 0.0000123255795537, 0.0000502826543574, 0.0000000000000000, 0.0000000000000000, 0.0000000000000000, -0.0000262803711912, -0.0000148000822893, -0.0000000000000000, -0.0288677501631696, 0.0512602007821039, 0.1054219288241389, 0.0000198718064009, -0.0000094436045172, 0.0000036067570888, -0.0000199883444152, -0.0000054778840858, -0.0000102581859510, -0.0212446732839029, 0.0254085963216498, 0.0866048418905548
0.0190902698111061, 0.0100104928525138, 0.0038315009234127, 0.0185337572723494, 0.0127274432967826, 0.0017582221988821, 0.0153917110014633, -0.0751438882885072, -1.3610175723499753, -0.0050973870759628, 0.0248859587451334, -0.2025158064937482, 116.2441612968224831, 23.8102735570291202, 0.0000000000000658, 30.3030945806658849, 6.2069781702653684, 0.0000000000000272, 0.0015647890724078, 0.0019516836292817, 0.0000425306379428, 0.0000825206691717, -0.0000026747472316, 0.0000130583862413, 0.0000177248553990, 0.0000000000000000, 0.0000000000000000, 0.0000000000000000, 0.0000000000000000, 0.0000000000000000, 0.0000000000000000, -0.0000020559868778, 0.0000100375356746, 0.0000137056678155, 0.0000970333602489, 0.0000198753281533, 0.0000000000000000, 0.0127411518338892, -0.0622035906197590, 0.1264972069079979
0.0462221475607819, 0.0098855731761509, 0.0036298535028467, 0.0460296803348380, 0.0126426866490807, 0.0016250439151160, 0.0002199461831949, -0.0031507524568524, -1.5081822613457541, -0.0001840533330493, 0.0026365835627304, 0.4928724728914952, 4.6350350071256878, 0.3235602519566118, -0.0000000000000000, 3.6550166594125373, 0.2551476114866515, -0.0000000000000000, 0.0016622623692557, 0.0017639671283606, 0.0000509839175551, 0.0000609264601992, -0.0000195040106283, 0.0002793970257313, 0.0003822892339482, 0.0000000000000000, 0.0000000000000000, 0.0000000000000000, 0.0000000000000000, 0.0000000000000000, 0.0000000000000000, -0.0000155441972909, 0.0002226722787037, 0.0003077222355527, -0.0000880591294057, -0.0000061471885442, 0.0000000000000000, 0.0081583419884740, -0.1168691163021815, 0.0193760710218645
0.0523980208833604, 0.0372614874194572, 0.0036503840871530, 0.0533276834514761, 0.0356107939900575, 0.0016401736872524, -0.1747816043942672, 0.3003663795439184, -0.6509914994369381, 0.0150383525996569, -0.0267034656089684, 0.1997437808304471, -658.7143045928526135, -360.0314319827326131, -19.4038533160119933, -25.6391845559692015, -14.4389909297334604, 0.0000000000000211, 0.0010355179272757, 0.0018154622343441, 0.0000123255795537, 0.0000664195823482, -0.0000084572044297, 0.0000150173808029, -0.0000161420621470, 0.0000000000000000, 0.0000000000000000, 0.0000000000000000, 0.0000000000000000, 0.0000000000000000, 0.0000000000000000, -0.0000087577386933, 0.0000150238816418, -0.0000163871227392, -0.0000241812494601, -0.0000154052961988, 0.0000014670199399, -0.0284543598268655, 0.0547324438375327, 0.1057296711412293
0.0523980208833604, 0.0372614874194572, 0.0036503840871530, 0.0529001342795508, 0.0390507104893030, 0.0055774834625639, -0.1747816043942672, 0.3003663795439184, -0.6509914994369381, -0.0015160450411158, 0.0051412569186800, -1.4979135383881506, -658.7143045928526135, -360.0314319827326131, -19.4038533160119933, 1.8258293439995374, 2.7051288299560499, -2.9767350954251257, 0.0010355179272757, 0.0016546059081585, 0.0000123255795537, 0.0000502826543574, 0.0000198718064009, -0.0000094436045172, 0.0000036067570888, -0.0000241812494601, -0.0000154052961988, 0.0000014670199399, -0.0284543598268655, 0.0547324438375327, 0.1057296711412293, 0.0000142001570825, -0.0000068338071757, 0.0000026449680902, -0.0000161881660802, -0.0000027738146340, -0.0000123433589143, -0.0188122688419947, 0.0179827708226760, 0.0776976537658276
0.0190904536858006, 0.0100095951576761, 0.0038181871927637, 0.0185336998902023, 0.0127277234422225, 0.0017567352922706, 0.0183874694594096, -0.0897694837718074, -1.3313730648964430, -0.0057382147061364, 0.0280145439849013, -0.1486906611574934, 139.5383491609853763, 28.5816184499421553, 0.0000000000000823, 34.2806690075632474, 7.0217041241654803, 0.0000000000000340, 0.0015647890724078, 0.0019516836292817, 0.0000425306379428, 0.0000825206691717, -0.0000020559868778, 0.0000100375356746, 0.0000137056678155, 0.0000000000000000, 0.0000000000000000, 0.0000000000000000, 0.0000000000000000, 0.0000000000000000, 0.0000000000000000, -0.0000014233600256, 0.0000069489874612, 0.0000095470092993, 0.0001048719204417, 0.0000214808992238, 0.0000000000000000, 0.0138512438056731, -0.0676231717897645, 0.1365129714390269
0.0462221657620387, 0.0098853124412113, 0.0036148087035137, 0.0460296653758630, 0.0126429009379881, 0.0016301818121353, 0.0018201256867931, -0.0260734939617550, -1.5044799332988230, -0.0014958975013668, 0.0214288907366672, 0.5137897019297487, -10.9921965134813746, -0.7673378664866224, 0.0000000000000153, -9.2203298616139975, -0.6436482677176044, 0.0000000000000120, 0.0016622623692557, 0.0017639671283606, 0.0000509839175551, 0.0000609264601992, -0.0000155441972909, 0.0002226722787037, 0.0003077222355527, 0.0000000000000000, 0.0000000000000000, 0.0000000000000000, 0.0000000000000000, 0.0000000000000000, 0.0000000000000000, -0.0000137076175982, 0.0001963630793578, 0.0002741710761220, -0.0001080285452508, -0.0000075412037376, 0.0000000000000000, 0.0100163956803193, -0.1434859329684527, 0.0230679575618892
0.0523961204394521, 0.0372646369812264, 0.0036445035684438, 0.0533278466388257, 0.0356104978868524, 0.0016425379940703, -0.1900443908295837, 0.3149561769196104, -0.5880518709251201, 0.0163187349556829, -0.0296103205079756, 0.2364306817939014, -689.3350012322723614, -365.2782361001331424, -42.7519118269810718, -23.1360393627235936, -13.3871747606426794, 0.2937210311028321, 0.0010355179272757, 0.0018154622343441, 0.0000123255795537, 0.0000664195823482, -0.0000087577386933, 0.0000150238816418, -0.0000163871227392, 0.0000000000000000, 0.0000000000000000, 0.0000000000000000, 0.0000000000000000, 0.0000000000000000, 0.0000000000000000, -0.0000092248615174, 0.0000147234070836, -0.0000164586288808, -0.0000220527222300, -0.0000165229146951, 0.0000033887196502, -0.0274276722382375, 0.0583841292927180, 0.1061820356079114
0.0523961204394521, 0.0372646369812264, 0.0036445035684438, 0.0529000999433208, 0.0390508349880557, 0.0055625590950615, -0.1900443908295837, 0.3149561769196104, -0.5880518709251201, -0.0034336230027600, 0.0124498752652081, -1.4924367502416023, -689.3350012322723614, -365.2782361001331424, -42.7519118269810718, 4.1452737303204206, 6.3705502466584845, -6.9842506164732558, 0.0010355179272757, 0.0016546059081585, 0.0000123255795537, 0.0000502826543574, 0.0000142001570825, -0.0000068338071757, 0.0000026449680902, -0.0000220527222300, -0.0000165229146951, 0.0000033887196502, -0.0274276722382375, 0.0583841292927180, 0.1061820356079114, 0.0000085204584612, -0.0000043081528388, 0.0000017731903684, -0.0000127409825827, -0.0000006706073252, -0.0000138205244500, -0.0157970246833853, 0.0115945116721213, 0.0693749664192986
0.0190906701281793, 0.0100085384641140, 0.0038051934567174, 0.0185336362639769, 0.0127280340718839, 0.0017557575536453, 0.0216442378681772, -0.1056693562074776, -1.2993736046334781, -0.0063626225437719, 0.0310629661384413, -0.0977738625276204, 164.7142908183539589, 33.7384026809119177, 0.0000000000000993, 38.0918782833442151, 7.8023535299254876, 0.0000000000000410, 0.0015647890724078, 0.0019516836292817, 0.0000425306379428, 0.0000825206691717, -0.0000014233600256, 0.0000069489874612, 0.0000095470092993, 0.0000000000000000, 0.0000000000000000, 0.0000000000000000, 0.0000000000000000, 0.0000000000000000, 0.0000000000000000, -0.0000007792613696, 0.0000038044327429, 0.0000052600879541, 0.0001123643939087, 0.0000230155814037, 0.0000000000000000, 0.0149298867191038, -0.0728892154792748, 0.1460407581627541
0.0462222036094824, 0.0098847702725572, 0.0035998081687379, 0.0460296341523332, 0.0126433482183721, 0.0016354893850491, 0.0037847443666941, -0.0542168654109001, -1.5000534775824095, -0.0031223529818004, 0.0447280384031489, 0.5307572913819790, -30.1632591717446843, -2.1056220120103348, 0.0000000000000786, -24.6943998508165237, -1.7238545610473046, 0.0000000000000619, 0.0016622623692557, 0.0017639671283606, 0.0000509839175551, 0.0000609264601992, -0.0000137076175982, 0.0001963630793578, 0.0002741710761220, 0.0000000000000000, 0.0000000000000000, 0.0000000000000000, 0.0000000000000000, 0.0000000000000000, 0.0000000000000000, -0.0000128824356691, 0.0001845422604974, 0.0002604236022026, -0.0001189176510557, -0.0000083013450985, 0.0000000000000000, 0.0112978680520265, -0.1618431609271072, 0.0272792945544743
0.0523940918309847, 0.0372678806116893, 0.0036391849223198, 0.0533280199586319, 0.0356101689881139, 0.0016452388325683, -0.2028608467329626, 0.3243630462855389, -0.5318646124014674, 0.0173319806209341, -0.0328898738478922, 0.2700838497952427, -713.4351840831507161, -366.5467221885441518, -68.8941001690389925, -19.9628623873932298, -12.4041210773166455, 0.9721973099341993, 0.0010355179272757, 0.0018154622343441, 0.0000123255795537, 0.0000664195823482, -0.0000092248615174, 0.0000147234070836, -0.0000164586288808, 0.0000000000000000, 0.0000000000000000, 0.0000000000000000, 0.0000000000000000, 0.0000000000000000, 0.0000000000000000, -0.0000098961593546, 0.0000141568864740, -0.0000164048250887, -0.0000199571844507, -0.0000180596494275, 0.0000056667103111, -0.0259252483342237, 0.0621663217029114, 0.1068180619769871
0.0523940918309847, 0.0372678806116893, 0.0036391849223198, 0.0529000424765546, 0.0390510525400058, 0.0055477069468896, -0.2028608467329626, 0.3243630462855389, -0.5318646124014674, -0.0057466766200543, 0.0217551950058947, -1.4852148171886532, -713.4351840831507161, -366.5467221885441518, -68.8941001690389925, 6.8473676814457125, 10.9705955097238839, -11.9780537239343730, 0.0010355179272757, 0.0016546059081585, 0.0000123255795537, 0.0000502826543574, 0.0000085204584612, -0.0000043081528388, 0.0000017731903684, -0.0000199571844507, -0.0000180596494275, 0.0000056667103111, -0.0259252483342237, 0.0621663217029114, 0.1068180619769871, 0.0000029517418333, -0.0000019322177860, 0.0000010228023592, -0.0000096506708422, 0.0000009978018094, -0.0000148713284330, -0.0124120245330494, 0.0054998552293079, 0.0610179635203722
0.0190909216743971, 0.0100073103900625, 0.0037925421174458, 0.0185335666339906, 0.0127283740125126, 0.0017552593060824, 0.0251546217799340, -0.1228074051540660, -1.2651339271566191, -0.0069629986336238, 0.0339940628711327, -0.0498247562913660, 191.6889034076477287, 39.2636084003284083, 0.0000000000001155, 41.6786208515711962, 8.5370254547377957, 0.0000000000000477, 0.0015647890724078, 0.0019516836292817, 0.0000425306379428, 0.0000825206691717, -0.0000007792613696, 0.0000038044327429, 0.0000052600879541, 0.0000000000000000, 0.0000000000000000, 0.0000000000000000, 0.0000000000000000, 0.0000000000000000, 0.0000000000000000, -0.0000001267581978, 0.0000006188463295, 0.0000008612302356, 0.0001194307119199, 0.0000244629742277, 0.0000000000000000, 0.0159657201914975, -0.0779462591521743, 0.1549778559175463
0.0462222636165964, 0.0098839106642698, 0.0035848601586475, 0.0460295844541754, 0.0126440601497661, 0.0016409280847362, 0.0060007113997935, -0.0859608287405791, -1.4948010090379236, -0.0049698157803575, 0.0711931393971454, 0.5438699687104621, -51.2667345010606823, -3.5788030741201657, 0.0000000000001191, -41.4755440457345514, -2.8953044498789016, 0.0000000000000939, 0.0016622623692557, 0.0017639671283606, 0.0000509839175551, 0.0000609264601992, -0.0000128824356691, 0.0001845422604974, 0.0002604236022026, 0.0000000000000000, 0.0000000000000000, 0.0000000000000000, 0.0000000000000000, 0.0000000000000000, 0.0000000000000000, -0.0000120204426953, 0.0001721941195092, 0.0002456863619923, -0.0001105734714452, -0.0000077188586980, 0.0000000000000000, 0.0119210973316304, -0.1707709866132394, 0.0387774098318711
0.0523919625211713, 0.0372711688636257, 0.0036343603466719, 0.0533282001531035, 0.0356098028647280, 0.0016482455303566, -0.2129309813493121, 0.3288251936477273, -0.4824575647900096, 0.0180194471568666, -0.0366123385918771, 0.3006697788262955, -731.6898932801404953, -364.6593319579163222, -97.0239349087030831, -16.1958884318335450, -11.5916227225510333, 2.1067640259666396, 0.0010355179272757, 0.0018154622343441, 0.0000123255795537, 0.0000664195823482, -0.0000098961593546, 0.0000141568864740, -0.0000164048250887, 0.0000000000000000, 0.0000000000000000, 0.0000000000000000, 0.0000000000000000, 0.0000000000000000, 0.0000000000000000, -0.0000107921254678, 0.0000133648883306, -0.0000162669170873, -0.0000179394989828, -0.0000199533863795, 0.0000082342891326, -0.0240639923641549, 0.0660878253983804, 0.1077178532760125
0.0523919625211713, 0.0372711688636257, 0.0036343603466719, 0.0528999581352648, 0.0390513827878093, 0.0055329449030016, -0.2129309813493121, 0.3288251936477273, -0.4824575647900096, -0.0084341289779045, 0.0330247803525308, -1.4762043888020884, -731.6898932801404953, -364.6593319579163222, -97.0239349087030831, 9.8381265657586585, 16.5007140119162727, -17.9378112301116417, 0.0010355179272757, 0.0016546059081585, 0.0000123255795537, 0.0000502826543574, 0.0000029517418333, -0.0000019322177860, 0.0000010228023592, -0.0000179394989828, -0.0000199533863795, 0.0000082342891326, -0.0240639923641549, 0.0660878253983804, 0.1077178532760125, -0.0000023960855815, 0.0000002376377684, 0.0000004182878764, -0.0000070198609168, 0.0000021838546560, -0.0000154444839984, -0.0089444030209565, -0.0002920520304442, 0.0526319374645818
0.0304876704884991, 0.0031201235748777, 0.0009773405715359, 0.0319772486536487, 0.0043583267734859, 0.0025837235902436, 0.0000000000000000, 0.0000000000000000, 0.5737335006886738, 0.0000000000000000, 0.0000000000000000, -1.5210874198966435, 0.0000000000000000, 0.0000000000000000, 0.0000000000000000, 0.0000000000000000, 0.0000000000000000, 0.0000000000000000, 0.0010452190963762, 0.0014774787349056, 0.0000126752487361, 0.0000358012507886, 0.0000000000000000, 0.0000000000000000, 0.0000000000000000, 0.0000000000000000, 0.0000000000000000, 0.0000000000000000, 0.0000000000000000, 0.0000000000000000, 0.0000000000000000, 0.0000469688129003, 0.0000390425529379, -0.0000736476485937, -0.0000181344753734, 0.0000218160626487, -0.0000000000000000, -0.0188085244733661, -0.0156344767323326, -0.0555441645378911
0.0190912107599535, 0.0100058990451668, 0.0037802541882660, 0.0185334913117947, 0.0127287417430831, 0.0017552106029270, 0.0289085556412091, -0.1411344895625031, -1.2287929179840495, -0.0075322195822366, 0.0367730570563780, -0.0048703155330923, 220.3598824717143998, 45.1362806020758285, 0.0000000000001273, 44.9865169467172592, 9.2145812996506908, 0.0000000000000526, 0.0015647890724078, 0.0019516836292817, 0.0000425306379428, 0.0000825206691717, -0.0000001267581978, 0.0000006188463295, 0.0000008612302356, 0.0000000000000000, 0.0000000000000000, 0.0000000000000000, 0.0000000000000000, 0.0000000000000000, 0.0000000000000000, 0.0000005306774611, -0.0000025908209847, -0.0000036297328086, 0.0001259959489621, 0.0000258077307144, 0.0000000000000000, 0.0169476896649137, -0.0827403333396437, 0.1632292214377124
0.0462223470057844, 0.0098827161052865, 0.0035699872256784, 0.0460295151692211, 0.0126450526641018, 0.0016464493583553, 0.0083389187999521, -0.1194558983238117, -1.4872932969129535, -0.0069284954277953, 0.0992514335748745, 0.5521273619022330, -70.8894272300542099, -4.9486143902589843, 0.0000000000001931, -56.9078032748450511, -3.9725920381612658, 0.0000000000001523, 0.0016622623692557, 0.0017639671283606, 0.0000509839175551, 0.0000609264601992, -0.0000120204426953, 0.0001721941195092, 0.0002456863619923, 0.0000000000000000, 0.0000000000000000, 0.0000000000000000, 0.0000000000000000, 0.0000000000000000, 0.0000000000000000, -0.0000111269783686, 0.0001593951480440, 0.0002300181805256, -0.0000893870217283, -0.0000062398854006, 0.0000000000000000, 0.0120938723878159, -0.1732460076608956, 0.0550040805694936
0.0523897606435488, 0.0372744547460831, 0.0036299618039200, 0.0533283835057302, 0.0356093944340819, 0.0016515271819171, -0.2201877622430400, 0.3285882457385672, -0.4398542751837959, 0.0183352626749582, -0.0408430646052893, 0.3281651560534613, -744.9682986609841464, -360.5284655834086038, -126.2379210345255700, -11.9118124105148446, -11.0323846715860903, 3.7554013952838927, 0.0010355179272757, 0.0018154622343441, 0.0000123255795537, 0.0000664195823482, -0.0000107921254678, 0.0000133648883306, -0.0000162669170873, 0.0000000000000000, 0.0000000000000000, 0.0000000000000000, 0.0000000000000000, 0.0000000000000000, 0.0000000000000000, -0.0000119174788246, 0.0000123860821496, -0.0000160781617644, -0.0000160242706889, -0.0000221283346203, 0.0000110209681361, -0.0219706814178870, 0.0701672426470083, 0.1089396197851182
0.0523897606435488, 0.0372744547460831, 0.0036299618039200, 0.0528998437247801, 0.0390518450490840, 0.0055182914306353, -0.2201877622430400, 0.3285882457385672, -0.4398542751837959, -0.0114410484686166, 0.0462261274725572, -1.4653472366350293, -744.9682986609841464, -360.5284655834086038, -126.2379210345255700, 13.0068027835437707, 22.9245303300508354, -24.8089515401733323, 0.0010355179272757, 0.0016546059081585, 0.0000123255795537, 0.0000502826543574, -0.0000023960855815, 0.0000002376377684, 0.0000004182878764, -0.0000160242706889, -0.0000221283346203, 0.0000110209681361, -0.0219706814178870, 0.0701672426470083, 0.1089396197851182, -0.0000074268788495, 0.0000021567069795, -0.0000000238225486, -0.0000049164998716, 0.0000028526791611, -0.0000154928867067, -0.0056556560831239, -0.0056490784643231, 0.0443415064443352
0.0304875221006854, 0.0031200002283694, 0.0009828046538395, 0.0319773011895910, 0.0043583704436828, 0.0025686668809217, -0.0148387813643538, -0.0123346508284411, 0.5464082303555605, 0.0052535942345731, 0.0043670196956630, -1.5056709321896886, -32.7396356963194251, 39.3863030906465994, -0.0000000000000025, -8.2000826589883573, 9.8648300173840653, -0.0000000000000006, 0.0010452190963762, 0.0014774787349056, 0.0000126752487361, 0.0000358012507886, 0.0000469688129003, 0.0000390425529379, -0.0000736476485937, 0.0000000000000000, 0.0000000000000000, 0.0000000000000000, 0.0000000000000000, 0.0000000000000000, 0.0000000000000000, 0.0000391433758205, 0.0000325377038139, -0.0000621798693231, -0.0000190479474187, 0.0000229149840654, -0.0000000000000000, -0.0308895610338359, -0.0256767682089761, -0.0697246547136671
0.0190915396937005, 0.0100042931573785, 0.0037683490701695, 0.0185334106746268, 0.0127291354218846, 0.0017555815295706, 0.0328933746998182, -0.1605887788329790, -1.1905118096454927, -0.0080637167930252, 0.0393678801419562, 0.0370926643538723, 250.6069366571737191, 51.3317800268694384, 0.0000000000001373, 47.9656012516434345, 9.8247866764921472, 0.0000000000000567, 0.0015647890724078, 0.0019516836292817, 0.0000425306379428, 0.0000825206691717, 0.0000005306774611, -0.0000025908209847, -0.0000036297328086, 0.0000000000000000, 0.0000000000000000, 0.0000000000000000, 0.0000000000000000, 0.0000000000000000, 0.0000000000000000, 0.0000011893542257, -0.0000058065475023, -0.0000081905827772, 0.0001319918091061, 0.0000270358618191, 0.0000000000000000, 0.0178652710074808, -0.0872200581665284, 0.1707093668280748
0.0462224541159279, 0.0098811817410942, 0.0035552211968684, 0.0460294260331299, 0.0126463295480836, 0.0016519995178172, 0.0107110143484662, -0.1534364192349034, -1.4766028810029912, -0.0089136091147689, 0.1276883981791690, 0.5550159461900793, -86.7523104190299676, -6.0559627648651384, 0.0000000000002909, -69.4142765285735521, -4.8456377931218979, 0.0000000000002294, 0.0016622623692557, 0.0017639671283606, 0.0000509839175551, 0.0000609264601992, -0.0000111269783686, 0.0001593951480440, 0.0002300181805256, 0.0000000000000000, 0.0000000000000000, 0.0000000000000000, 0.0000000000000000, 0.0000000000000000, 0.0000000000000000, -0.0000102110873752, 0.0001462749121950, 0.0002135551437684, -0.0000599178281999, -0.0000041827143828, 0.0000000000000000, 0.0119484199186879, -0.1711623855775145, 0.0739779675930065
0.0523875128804079, 0.0372776947963876, 0.0036259220320667, 0.0533285659889635, 0.0356089380012083, 0.0016550527733247, -0.2247763140904186, 0.3240050304506356, -0.4039771853348536, 0.0182483233333156, -0.0456432873581476, 0.3525591407621108, -754.2680952130986043, -355.1324854105970985, -155.5434632167866198, -7.1827330001726928, -10.7879894556423856, 5.9619768048619273, 0.0010355179272757, 0.0018154622343441, 0.0000123255795537, 0.0000664195823482, -0.0000119174788246, 0.0000123860821496, -0.0000160781617644, 0.0000000000000000, 0.0000000000000000, 0.0000000000000000, 0.0000000000000000, 0.0000000000000000, 0.0000000000000000, -0.0000132621346642, 0.0000112564997658, -0.0000158634234043, -0.0000142200799570, -0.0000244952063023, 0.0000139505405530, -0.0197779924783291, 0.0744204062610344, 0.1105117442705641
0.0523875128804079, 0.0372776947963876, 0.0036259220320667, 0.0528996968676684, 0.0390524580906270, 0.0055037654472436, -0.2247763140904186, 0.3240050304506356, -0.4039771853348536, -0.0146857111745273, 0.0613041542951776, -1.4525983391631692, -754.2680952130986043, -355.1324854105970985, -155.5434632167866198, 16.2300716325986301, 30.1735566976672445, -32.5027799230040486, 0.0010355179272757, 0.0016546059081585, 0.0000123255795537, 0.0000502826543574, -0.0000074268788495, 0.0000021567069795, -0.0000000238225486, -0.0000142200799570, -0.0000244952063023, 0.0000139505405530, -0.0197779924783291, 0.0744204062610344, 0.1105117442705641, -0.0000120627378735, 0.0000037938941385, -0.0000002955107297, -0.0000033596925985, 0.0000030104130937, -0.0000150074011743, -0.0027605706803262, -0.0104310049882033, 0.0362980846569793
0.0304871696825325, 0.0031197072828266, 0.0009878420872070, 0.0319774400062089, 0.0043584858341902, 0.0025538039454007, -0.0352418152922861, -0.0292945542842895, 0.5037433367474505, 0.0138816617890298, 0.0115390507402123, -1.4862935520939462, -59.2413237371630146, 71.2682558182933263, -0.0000000000000230, -16.8132208998766046, 20.2265724773162248, -0.0000000000000058, 0.0010452190963762, 0.0014774787349056, 0.0000126752487361, 0.0000358012507886, 0.0000391433758205, 0.0000325377038139, -0.0000621798693231, 0.0000000000000000, 0.0000000000000000, 0.0000000000000000, 0.0000000000000000, 0.0000000000000000, 0.0000000000000000, 0.0000318191958939, 0.0000264495217872, -0.0000512045061814, -0.0000210528839672, 0.0000253269546600, -0.0000000000000000, -0.0377961928395418, -0.0314178657851313, -0.0802272046047991
0.0190919106330978, 0.0100024821937616, 0.0037568443508197, 0.0185333251592588, 0.0127295529165517, 0.0017563424796504, 0.0370939397210912, -0.1810963616921645, -1.1504719349793704, -0.0085515368014503, 0.0417494667124491, 0.0760950079828239, 282.2933792369337880, 57.8221091535660889, 0.0000000000001432, 50.5709558958673853, 10.3584410648071792, 0.0000000000000592, 0.0015647890724078, 0.0019516836292817, 0.0000425306379428, 0.0000825206691717, 0.0000011893542257, -0.0000058065475023, -0.0000081905827772, 0.0000000000000000, 0.0000000000000000, 0.0000000000000000, 0.0000000000000000, 0.0000000000000000, 0.0000000000000000, 0.0000018454966374, -0.0000090099010529, -0.0000127975411367, 0.0001373578202258, 0.0000281349810458, 0.0000000000000000, 0.0187086690276199, -0.0913376125178312, 0.1773438331607402
0.0462225846617360, 0.0098793116585150, 0.0035405992876531, 0.0460293174618601, 0.0126478848430657, 0.0016575234187955, 0.0130545808085730, -0.1870082579216190, -1.4621909215292130, -0.0108571269796423, 0.1555294982098058, 0.5523900978291517, -97.3855040448423637, -6.7982395337313895, 0.0000000000003646, -78.1566173195096070, -5.4559188340756597, 0.0000000000002875, 0.0016622623692557, 0.0017639671283606, 0.0000509839175551, 0.0000609264601992, -0.0000102110873752, 0.0001462749121950, 0.0002135551437684, 0.0000000000000000, 0.0000000000000000, 0.0000000000000000, 0.0000000000000000, 0.0000000000000000, 0.0000000000000000, -0.0000092838386091, 0.0001329919750448, 0.0001964829370289, -0.0000256647400301, -0.0000017915915927, 0.0000000000000000, 0.0115802152553658, -0.1658878146314093, 0.0941268436967971
0.0553291744871407, 0.0216202106581085, 0.0016727773201411, 0.0576615463389191, 0.0230494893339898, 0.0025221746078500, 0.0000000000000000, 0.0000000000000000, 0.5903055442042651, 0.0000000000000000, 0.0000000000000000, -1.5214843117019552, 0.0000000000000000, 0.0000000000000000, 0.0000000000000000, 0.0000000000000000, 0.0000000000000000, 0.0000000000000000, 0.0017807360867880, 0.0010874029957165, 0.0000626806025452, 0.0000142726974104, 0.0000000000000000, 0.0000000000000000, 0.0000000000000000, 0.0000000000000000, 0.0000000000000000, 0.0000000000000000, 0.0000000000000000, 0.0000000000000000, 0.0000000000000000, 0.0000611529402269, 0.0000374745533681, -0.0002309790474902, -0.0000119661277763, 0.0000195269544500, 0.0000000000000000, -0.0176930172807748, -0.0108422901314507, -0.0199099741342138
0.0523852427201808, 0.0372808502177711, 0.0036221757731517, 0.0533287434276253, 0.0356084273069317, 0.0016587913390586, -0.2270160227128767, 0.3155421383466660, -0.3746258914959882, 0.0177438661735706, -0.0510694276641896, 0.3738565733879955, -760.6231157478680416, -349.4381438993273719, -183.9306861072211632, -2.0725541646789267, -10.8971375427523149, 8.7550998185935818, 0.0010355179272757, 0.0018154622343441, 0.0000123255795537, 0.0000664195823482, -0.0000132621346642, 0.0000112564997658, -0.0000158634234043, 0.0000000000000000, 0.0000000000000000, 0.0000000000000000, 0.0000000000000000, 0.0000000000000000, 0.0000000000000000, -0.0000148028437679, 0.0000100092907364, -0.0000156394540890, -0.0000125247302397, -0.0000269581078827, 0.0000169443461181, -0.0176160655324244, 0.0788546113440229, 0.1124348285676305
0.0523852427201808, 0.0372808502177711, 0.0036221757731517, 0.0528995161670334, 0.0390532398810403, 0.0054893860758154, -0.2270160227128767, 0.3155421383466660, -0.3746258914959882, -0.0180700634955183, 0.0781790413379622, -1.4379371428288708, -760.6231157478680416, -349.4381438993273719, -183.9306861072211632, 19.3815543952052778, 38.1551767393526902, -40.9058369394463810, 0.0010355179272757, 0.0016546059081585, 0.0000123255795537, 0.0000502826543574, -0.0000120627378735, 0.0000037938941385, -0.0000002955107297, -0.0000125247302397, -0.0000269581078827, 0.0000169443461181, -0.0176160655324244, 0.0788546113440229, 0.1124348285676305, -0.0000162468339503, 0.0000051325474678, -0.0000003971479704, -0.0000023244556822, 0.0000027028137106, -0.0000140197295985, -0.0004187378269075, -0.0145238547410403, 0.0286514816805627
0.0304865579531646, 0.0031191987863423, 0.0009923467068046, 0.0319776843950960, 0.0043586889810332, 0.0025391641193874, -0.0611729367914269, -0.0508496484276766, 0.4504619597636327, 0.0244388887034435, 0.0203146842985537, -1.4639826013380228, -89.5201027801982718, 107.6941091682062250, -0.0000000000000255, -26.3329552834996576, 31.6789645336511327, -0.0000000000000064, 0.0010452190963762, 0.0014774787349056, 0.0000126752487361, 0.0000358012507886, 0.0000318191958939, 0.0000264495217872, -0.0000512045061814, 0.0000000000000000, 0.0000000000000000, 0.0000000000000000, 0.0000000000000000, 0.0000000000000000, 0.0000000000000000, 0.0000250542531569, 0.0000208262024266, -0.0000408405882632, -0.0000235676730068, 0.0000283522859203, -0.0000000000000000, -0.0424245181364319, -0.0352651343077824, -0.0891311617751839
0.0190923255611815, 0.0100004564729321, 0.0037457556294802, 0.0185332352553242, 0.0127299918366444, 0.0017574644029982, 0.0414928083796796, -0.2025720829453341, -1.1088721339510821, -0.0089903934619992, 0.0438920092713510, 0.1121923347782198, 315.2680063213010726, 64.5762969128551134, 0.0000000000001477, 52.7632605230218132, 10.8074904820901860, 0.0000000000000610, 0.0015647890724078, 0.0019516836292817, 0.0000425306379428, 0.0000825206691717, 0.0000018454966374, -0.0000090099010529, -0.0000127975411367, 0.0000000000000000, 0.0000000000000000, 0.0000000000000000, 0.0000000000000000, 0.0000000000000000, 0.0000000000000000, 0.0000024563269173, -0.0000119920361976, -0.0000171534204837, 0.0001413913407015, 0.0000289611664202, 0.0000000000000000, 0.0195184842519627, -0.0952912122668491, 0.1827246525684616
0.0462227379210110, 0.0098771162031073, 0.0035261610180950, 0.0460291904147218, 0.0126497048068292, 0.0016629672702739, 0.0153259275019417, -0.2195455407720928, -1.4438269558012995, -0.0127047138363559, 0.1819963763500823, 0.5443851478462852, -101.9400441257283347, -7.1161806353308998, 0.0000000000004208, -82.8262262317810638, -5.7818926042565879, 0.0000000000003319, 0.0016622623692557, 0.0017639671283606, 0.0000509839175551, 0.0000609264601992, -0.0000092838386091, 0.0001329919750448, 0.0001964829370289, 0.0000000000000000, 0.0000000000000000, 0.0000000000000000, 0.0000000000000000, 0.0000000000000000, 0.0000000000000000, -0.0000083570805522, 0.0001197160673552, 0.0001790156802116, 0.0000106273828041, 0.0000007418711299, 0.0000000000000000, 0.0110620955282559, -0.1584656944589983, 0.1142054815618094
0.0493329971065762, 0.0147317897476204, 0.0036800825757465, 0.0483193668811277, 0.0157028690525142, 0.0010207276748289, 0.0000000000000000, 0.0000000000000000, -1.5140001145315123, 0.0000000000000000, 0.0000000000000000, -0.8720745922390643, 0.0000000000000000, 0.0000000000000000, 0.0000000000000000, 0.0000000000000000, 0.0000000000000000, 0.0000000000000000, 0.0019051573075844, 0.0011047394611429, 0.0000767585930902, 0.0000149662875420, 0.0000000000000000, 0.0000000000000000, 0.0000000000000000, 0.0000000000000000, 0.0000000000000000, 0.0000000000000000, 0.0000000000000000, 0.0000000000000000, 0.0000000000000000, 0.0000019135803685, -0.0000018332506741, -0.0000013987958844, 0.0000135950053049, 0.0000141907135934, 0.0000000000000000, 0.0009595419280377, -0.0009192615661033, 0.0246148266652601
0.0553291462598797, 0.0216201933604284, 0.0016787078641127, 0.0576616703029938, 0.0230495652992388, 0.0025070982806589, -0.0028227261006335, -0.0017297680129404, 0.5930543971637439, 0.0123964074708736, 0.0075965249032418, -1.5076327191093608, -1.5050861605981416, 2.4560784784086014, 0.0000000000000001, -10.8242421953678285, 17.6635657127827699, 0.0000000000000005, 0.0017807360867880, 0.0010874029957165, 0.0000626806025452, 0.0000142726974104, 0.0000611529402269, 0.0000374745533681, -0.0002309790474902, 0.0000000000000000, 0.0000000000000000, 0.0000000000000000, 0.0000000000000000, 0.0000000000000000, 0.0000000000000000, 0.0000548513485828, 0.0000336129347526, -0.0002124450881709, -0.0000036138924174, 0.0000058973390507, -0.0000000000000000, -0.0260693642888797, -0.0159753199059858, -0.0133167487502694
0.0523829691626463, 0.0372838878040891, 0.0036186609886889, 0.0533289116669883, 0.0356078555875586, 0.0016627121447771, -0.2273557534533928, 0.3037586317961316, -0.3514784462819190, 0.0168239362990353, -0.0571719373113716, 0.3920805718473962, -765.0199357425142352, -344.3256414518347697, -210.4496805921752980, 3.3649920962400541, -11.3754940920602259, 12.1476309477813089, 0.0010355179272757, 0.0018154622343441, 0.0000123255795537, 0.0000664195823482, -0.0000148028437679, 0.0000100092907364, -0.0000156394540890, 0.0000000000000000, 0.0000000000000000, 0.0000000000000000, 0.0000000000000000, 0.0000000000000000, 0.0000000000000000, -0.0000165055278656, 0.0000086747854226, -0.0000154157918282, -0.0000109302187569, -0.0000294220416923, 0.0000199253325923, -0.0156044277697345, 0.0834655560796344, 0.1146865303834392
0.0523829691626463, 0.0372838878040891, 0.0036186609886889, 0.0528993012650860, 0.0390542073785674, 0.0054751723481366, -0.2273557534533928, 0.3037586317961316, -0.3514784462819190, -0.0214901947366585, 0.0967497527052182, -1.4213727678744732, -765.0199357425142352, -344.3256414518347697, -210.4496805921752980, 22.3414846794907049, 46.7622254604013747, -49.8910367909313024, 0.0010355179272757, 0.0016546059081585, 0.0000123255795537, 0.0000502826543574, -0.0000162468339503, 0.0000051325474678, -0.0000003971479704, -0.0000109302187569, -0.0000294220416923, 0.0000199253325923, -0.0156044277697345, 0.0834655560796344, 0.1146865303834392, -0.0000199443766799, 0.0000061701396706, -0.0000003367590993, -0.0000017519395584, 0.0000020062109061, -0.0000125964673173, 0.0012675158381987, -0.0178510987778767, 0.0215382415235021
0.0304856470865042, 0.0031184416337209, 0.0009962396537070, 0.0319780472840834, 0.0043589906303965, 0.0025247722734013, -0.0910866660409448, -0.0757152621333745, 0.3892946902439519, 0.0362888987455237, 0.0301649363235418, -1.4391845986008842, -124.9974097774728818, 150.3738744287483655, -0.0000000000000719, -36.9898319097212607, 44.4993568157551991, -0.0000000000000180, 0.0010452190963762, 0.0014774787349056, 0.0000126752487361, 0.0000358012507886, 0.0000250542531569, 0.0000208262024266, -0.0000408405882632, 0.0000000000000000, 0.0000000000000000, 0.0000000000000000, 0.0000000000000000, 0.0000000000000000, 0.0000000000000000, 0.0000189151866293, 0.0000157231390299, -0.0000312288740168, -0.0000259259932962, 0.0000311893827825, -0.0000000000000000, -0.0457061202812048, -0.0379929470317351, -0.0962065432657307
0.0190927863820269, 0.0099982066990038, 0.0037350955577821, 0.0185331414382398, 0.0127304498611295, 0.0017589194423825, 0.0460820845335499, -0.2249773928292547, -1.0660071698149745, -0.0093817084354514, 0.0458024485102321, 0.1455039384292912, 349.2109352708679353, 71.5288217932431820, 0.0000000000001492, 54.4446728097600925, 11.1518939004017898, 0.0000000000000616, 0.0015647890724078, 0.0019516836292817, 0.0000425306379428, 0.0000825206691717, 0.0000024563269173, -0.0000119920361976, -0.0000171534204837, 0.0000000000000000, 0.0000000000000000, 0.0000000000000000, 0.0000000000000000, 0.0000000000000000, 0.0000000000000000, 0.0000030040047565, -0.0000146658547461, -0.0000211275994556, 0.0001438491802714, 0.0000294646053187, 0.0000000000000000, 0.0203013667146709, -0.0991133235522791, 0.1866928137568951
0.0462229128775114, 0.0098746099326385, 0.0035119457704914, 0.0460290462730472, 0.0126517696516410, 0.0016682807447444, 0.0174956500455870, -0.2506270468740662, -1.4215247603672574, -0.0144141674555474, 0.2064844811778424, 0.5313474470488121, -100.0540775864341612, -6.9845260075453757, 0.0000000000004879, -83.4950069831663626, -5.8285785231523777, 0.0000000000003848, 0.0016622623692557, 0.0017639671283606, 0.0000509839175551, 0.0000609264601992, -0.0000083570805522, 0.0001197160673552, 0.0001790156802116, 0.0000000000000000, 0.0000000000000000, 0.0000000000000000, 0.0000000000000000, 0.0000000000000000, 0.0000000000000000, -0.0000074425189698, 0.0001066148754605, 0.0001613793120234, 0.0000468159271586, 0.0000032681032967, 0.0000000000000000, 0.0104506269630577, -0.1497063422570159, 0.1332474625555842
0.0493329983566538, 0.0147317885500195, 0.0036649736614462, 0.0483193604697720, 0.0157028751947293, 0.0010131999354822, 0.0001250077534525, -0.0001197600853657, -1.5108914300303498, -0.0006411355690865, 0.0006142215051803, -0.7527739346708817, 1.2199181766994560, 1.2733727618793376, 0.0000000000000000, 10.7898298718814232, 11.2626204991375758, 0.0000000000000004, 0.0019051573075844, 0.0011047394611429, 0.0000767585930902, 0.0000149662875420, 0.0000019135803685, -0.0000018332506741, -0.0000013987958844, 0.0000000000000000, 0.0000000000000000, 0.0000000000000000, 0.0000000000000000, 0.0000000000000000, 0.0000000000000000, 0.0000040505559524, -0.0000038805187138, -0.0000029693773631, 0.0000224769066634, 0.0000234618036382, 0.0000000000000000, 0.0020324232707324, -0.0019471047009472, 0.0417694256243690
0.0553290792458363, 0.0216201522941880, 0.0016846531762233, 0.0576619769190476, 0.0230497531937150, 0.0024921142747243, -0.0067014043428493, -0.0041066240438417, 0.5945312110520233, 0.0306616053793584, 0.0187894476189928, -1.4984005934572917, -1.7184024792007218, 2.8041792270095574, -0.0000000000000013, -14.0932735415863295, 22.9981423934291058, -0.0000000000000091, 0.0017807360867880, 0.0010874029957165, 0.0000626806025452, 0.0000142726974104, 0.0000548513485828, 0.0000336129347526, -0.0002124450881709, 0.0000000000000000, 0.0000000000000000, 0.0000000000000000, 0.0000000000000000, 0.0000000000000000, 0.0000000000000000, 0.0000487791949731, 0.0000298919158832, -0.0001938550111946, -0.0000023059549569, 0.0000037629781537, -0.0000000000000000, -0.0301127251150475, -0.0184530935094225, -0.0130066403116377
0.0290877525412080, 0.0369219736853286, 0.0015219444597784, 0.0315378653468192, 0.0381512562319682, 0.0030334255764655, 0.0000000000000000, 0.0000000000000000, 0.5983220112186509, 0.0000000000000000, 0.0000000000000000, -1.5181843588654560, 0.0000000000000000, 0.0000000000000000, 0.0000000000000000, 0.0000000000000000, 0.0000000000000000, 0.0000000000000000, 0.0015943240488853, 0.0015432250795622, 0.0000449846426071, 0.0000407964431826, 0.0000000000000000, 0.0000000000000000, 0.0000000000000000, 0.0000000000000000, 0.0000000000000000, 0.0000000000000000, 0.0000000000000000, 0.0000000000000000, 0.0000000000000000, 0.0000873103363351, 0.0000438057677802, -0.0001771572505504, -0.0000248230839871, 0.0000494754896812, -0.0000000000000000, -0.0393658212938297, -0.0197508118564233, -0.0639321293651558
0.0523807058887323, 0.0372867805607161, 0.0036153199674759, 0.0533290667341663, 0.0356072156475025, 0.0016667848861257, -0.2263273913932768, 0.2892756626991630, -0.3341021213028519, 0.0155067178026459, -0.0639940056065379, 0.4072741348678586, -768.3338138854635417, -340.5307967952438162, -234.2765058509524465, 9.0868850546059292, -12.2171472933886811, 16.1370036038553444, 0.0010355179272757, 0.0018154622343441, 0.0000123255795537, 0.0000664195823482, -0.0000165055278656, 0.0000086747854226, -0.0000154157918282, 0.0000000000000000, 0.0000000000000000, 0.0000000000000000, 0.0000000000000000, 0.0000000000000000, 0.0000000000000000, -0.0000183281008303, 0.0000072807219486, -0.0000151960817179, -0.0000094268676701, -0.0000317992827545, 0.0000228217022173, -0.0138456085958796, 0.0882359395690381, 0.1172269643145595
0.0523807058887323, 0.0372867805607161, 0.0036153199674759, 0.0528990528089363, 0.0390553763703396, 0.0054611428888049, -0.2263273913932768, 0.2892756626991630, -0.3341021213028519, -0.0248456149752189, 0.1168991772239371, -1.4029459331727629, -768.3338138854635417, -340.5307967952438162, -234.2765058509524465, 25.0048508864003125, 55.8821208244228771, -59.3282592803828592, 0.0010355179272757, 0.0016546059081585, 0.0000123255795537, 0.0000502826543574, -0.0000199443766799, 0.0000061701396706, -0.0000003367590993, -0.0000094268676701, -0.0000317992827545, 0.0000228217022173, -0.0138456085958796, 0.0882359395690381, 0.1172269643145595, -0.0000231418993371, 0.0000069169634155, -0.0000001288207336, -0.0000015612092540, 0.0000010164361832, -0.0000108298913894, 0.0022503567348413, -0.0203754610851682, 0.0150756108803913
0.0304844126789885, 0.0031174155396427, 0.0009994689728963, 0.0319785378393375, 0.0043593984016024, 0.0025106481703877, -0.1234407515694694, -0.1026094078228948, 0.3229319189314738, 0.0490555254064331, 0.0407771205894053, -1.4124103013671319, -164.4368799134432209, 197.8201850388713865, -0.0000000000001418, -48.7130984320684775, 58.6026331241567746, -0.0000000000000355, 0.0010452190963762, 0.0014774787349056, 0.0000126752487361, 0.0000358012507886, 0.0000189151866293, 0.0000157231390299, -0.0000312288740168, 0.0000000000000000, 0.0000000000000000, 0.0000000000000000, 0.0000000000000000, 0.0000000000000000, 0.0000000000000000, 0.0000134515532268, 0.0000111815254959, -0.0000224894355447, -0.0000277448643176, 0.0000333775135850, -0.0000000000000000, -0.0480679415830963, -0.0399561972719461, -0.1012238409948322
0.0190932949363832, 0.0099957238852522, 0.0037248734658491, 0.0185330441360973, 0.0127309249000209, 0.0017606812325148, 0.0508554356274110, -0.2482813751691524, -1.0222091932952355, -0.0097302142558594, 0.0475038891385119, 0.1761790132312486, 383.7439022912130895, 78.6022040802963744, 0.0000000000001525, 55.5088915329541805, 11.3698776566703241, 0.0000000000000630, 0.0015647890724078, 0.0019516836292817, 0.0000425306379428, 0.0000825206691717, 0.0000030040047565, -0.0000146658547461, -0.0000211275994556, 0.0000000000000000, 0.0000000000000000, 0.0000000000000000, 0.0000000000000000, 0.0000000000000000, 0.0000000000000000, 0.0000034865188109, -0.0000170215371128, -0.0000246975065447, 0.0001447899365612, 0.0000296573002839, -0.0000000000000000, 0.0210427029269855, -0.1027326018454526, 0.1892566621151513
0.0462231083319012, 0.0098718100277269, 0.0034979908938374, 0.0460288865092904, 0.0126540582844418, 0.0016734184997657, 0.0195454389720210, -0.2799904911592866, -1.3954876653988255, -0.0159763756808568, 0.2288632800845121, 0.5137755021291764, -91.7459857679475448, -6.4045588060170688, 0.0000000000005241, -80.0513886339410448, -5.5881881012882682, 0.0000000000004133, 0.0016622623692557, 0.0017639671283606, 0.0000509839175551, 0.0000609264601992, -0.0000074425189698, 0.0001066148754605, 0.0001613793120234, 0.0000000000000000, 0.0000000000000000, 0.0000000000000000, 0.0000000000000000, 0.0000000000000000, 0.0000000000000000, -0.0000065512850885, 0.0000938478553631, 0.0001438037949951, 0.0000811312672837, 0.0000056635717408, 0.0000000000000000, 0.0097901444497326, -0.1402448600374171, 0.1504374480826317
0.0493330022545433, 0.0147317848157584, 0.0036499181827577, 0.0483193500268326, 0.0157028851992873, 0.0010067727661094, 0.0003897889576031, -0.0003734261079646, -1.5055478688504349, -0.0010442939445340, 0.0010004557996623, -0.6427169372786805, 3.2368344176026320, 3.3786665866723888, 0.0000000000000000, 26.5588016262127198, 27.7225597789479750, 0.0000000000000004, 0.0019051573075844, 0.0011047394611429, 0.0000767585930902, 0.0000149662875420, 0.0000040505559524, -0.0000038805187138, -0.0000029693773631, 0.0000000000000000, 0.0000000000000000, 0.0000000000000000, 0.0000000000000000, 0.0000000000000000, 0.0000000000000000, 0.0000063124836284, -0.0000060474935140, -0.0000046427208605, 0.0000302266527207, 0.0000315511294057, 0.0000000000000000, 0.0036343695845372, -0.0034818033255848, 0.0583724333706624
0.0553289688853323, 0.0216200846652141, 0.0016905919247785, 0.0576624945164194, 0.0230500703776519, 0.0024772204173074, -0.0110360504024681, -0.0067628973888411, 0.5938748555195013, 0.0517597371824711, 0.0317183936891182, -1.4893857416881580, -1.6045164816074824, 2.6183340873733743, -0.0000000000000013, -16.1791793092308822, 26.4020327473634921, -0.0000000000000094, 0.0017807360867880, 0.0010874029957165, 0.0000626806025452, 0.0000142726974104, 0.0000487791949731, 0.0000298919158832, -0.0001938550111946, 0.0000000000000000, 0.0000000000000000, 0.0000000000000000, 0.0000000000000000, 0.0000000000000000, 0.0000000000000000, 0.0000429333339263, 0.0000263095692132, -0.0001751885985940, -0.0000052680607309, 0.0000085966975997, -0.0000000000000000, -0.0319588279415103, -0.0195843862753404, -0.0166644663752167
0.0290876650317403, 0.0369219297796516, 0.0015277440518288, 0.0315379618400873, 0.0381513046450413, 0.0030183994619339, -0.0087509467703576, -0.0043905676941637, 0.5799592050468820, 0.0096493268096103, 0.0048413073090800, -1.5026114531655097, -5.4272306231858884, 10.8171447526220632, -0.0000000000000008, -6.1825491088331415, 12.3225883132241467, -0.0000000000000009, 0.0015943240488853, 0.0015432250795622, 0.0000449846426071, 0.0000407964431826, 0.0000873103363351, 0.0000438057677802, -0.0001771572505504, 0.0000000000000000, 0.0000000000000000, 0.0000000000000000, 0.0000000000000000, 0.0000000000000000, 0.0000000000000000, 0.0000786962605154, 0.0000394838716470, -0.0001619218457361, -0.0000203453312581, 0.0000405507723071, 0.0000000000000000, -0.0567623440370349, -0.0284790800943044, -0.0669227985473664
0.0523784608724324, 0.0372895080069737, 0.0036121002768411, 0.0533292049831105, 0.0356064999447616, 0.0016709798934422, -0.2245016299959866, 0.2727446257638515, -0.3219690634780337, 0.0138248944267258, -0.0715702740931253, 0.4195007316447761, -771.2869164618507511, -338.6081587480474013, -254.7617675680527327, 15.0602254728373524, -13.3973311139497682, 20.7062761301262164, 0.0010355179272757, 0.0018154622343441, 0.0000123255795537, 0.0000664195823482, -0.0000183281008303, 0.0000072807219486, -0.0000151960817179, 0.0000000000000000, 0.0000000000000000, 0.0000000000000000, 0.0000000000000000, 0.0000000000000000, 0.0000000000000000, -0.0000202235147384, 0.0000058525249669, -0.0000149796140863, -0.0000080063651588, -0.0000340140808776, 0.0000255697525241, -0.0124207896933238, 0.0931352826553571, 0.1200037292522152
0.0523784608724324, 0.0372895080069737, 0.0036121002768411, 0.0528987723418167, 0.0390567613638366, 0.0054473156027313, -0.2245016299959866, 0.2727446257638515, -0.3219690634780337, -0.0280467119611330, 0.1384993496973775, -1.3827286073585028, -771.2869164618507511, -338.6081587480474013, -254.7617675680527327, 27.2873189141341754, 65.4046331585424952, -69.0933269234235041, 0.0010355179272757, 0.0016546059081585, 0.0000123255795537, 0.0000502826543574, -0.0000231418993371, 0.0000069169634155, -0.0000001288207336, -0.0000080063651588, -0.0000340140808776, 0.0000255697525241, -0.0124207896933238, 0.0931352826553571, 0.1200037292522152, -0.0000258451943980, 0.0000073940905539, 0.0000002072343861, -0.0000016607054320, -0.0000001620898483, -0.0000088277175870, 0.0025300734288954, -0.0220961000399009, 0.0093578407316425
0.0304828415203242, 0.0031161095231280, 0.0010020091848823, 0.0319791626578939, 0.0043599177783985, 0.0024968058246548, -0.1571158664329652, -0.1306016514748354, 0.2540211985948007, 0.0624818556391075, 0.0519376796178719, -1.3842345732842942, -206.0818932889195310, 247.9197992873262137, -0.0000000000001730, -61.2588256219720222, 73.6953427125428959, -0.0000000000000433, 0.0010452190963762, 0.0014774787349056, 0.0000126752487361, 0.0000358012507886, 0.0000134515532268, 0.0000111815254959, -0.0000224894355447, 0.0000000000000000, 0.0000000000000000, 0.0000000000000000, 0.0000000000000000, 0.0000000000000000, 0.0000000000000000, 0.0000086881521043, 0.0000072219759776, -0.0000147063609828, -0.0000288405497026, 0.0000346956405509, -0.0000000000000000, -0.0497213267875104, -0.0413305641205842, -0.1041030518639586
0.0190938529673143, 0.0099929995218628, 0.0037150953819200, 0.0185329437215407, 0.0127314151340317, 0.0017627249738816, 0.0558030931150093, -0.2724363389352031, -0.9778083929096267, -0.0100414556520819, 0.0490234010827186, 0.2043741366796819, 418.5027107509674806, 85.7218454344102696, 0.0000000000001514, 55.8715821972369326, 11.4441675292696328, 0.0000000000000626, 0.0015647890724078, 0.0019516836292817, 0.0000425306379428, 0.0000825206691717, 0.0000034865188109, -0.0000170215371128, -0.0000246975065447, 0.0000000000000000, 0.0000000000000000, 0.0000000000000000, 0.0000000000000000, 0.0000000000000000, 0.0000000000000000, 0.0000039032137595, -0.0000190558839548, -0.0000278493663843, 0.0001443037092494, 0.0000295577064189, -0.0000000000000000, 0.0217274584444778, -0.1060756474695864, 0.1904490554830529
0.0462233229887079, 0.0098687350461504, 0.0034843301046193, 0.0460287118255142, 0.0126565606481062, 0.0016783413499395, 0.0214656806716041, -0.3074981576476398, -1.3660789218103195, -0.0174683776173803, 0.2502363664406597, 0.4922850173767989, -77.3481929898538425, -5.3994847447127805, 0.0000000000005502, -71.0301017858006816, -4.9584345306960476, 0.0000000000004339, 0.0016622623692557, 0.0017639671283606, 0.0000509839175551, 0.0000609264601992, -0.0000065512850885, 0.0000938478553631, 0.0001438037949951, 0.0000000000000000, 0.0000000000000000, 0.0000000000000000, 0.0000000000000000, 0.0000000000000000, 0.0000000000000000, -0.0000056942363987, 0.0000815705417678, 0.0001265304704045, 0.0001117625343086, 0.0000078018642156, 0.0000000000000000, 0.0091159257103341, -0.1305866049190109, 0.1648434567322212
0.0493330108872378, 0.0147317765454536, 0.0036349377698426, 0.0483193401408644, 0.0157028946702550, 0.0010013476354736, 0.0008632694420966, -0.0008270304779007, -1.4980412915080443, -0.0009885968168305, 0.0009470967672490, -0.5425130635822133, 5.9491572338011363, 6.2098384320787874, 0.0000000000000002, 45.1631169413522500, 47.1420821929905784, 0.0000000000000021, 0.0019051573075844, 0.0011047394611429, 0.0000767585930902, 0.0000149662875420, 0.0000063124836284, -0.0000060474935140, -0.0000046427208605, 0.0000000000000000, 0.0000000000000000, 0.0000000000000000, 0.0000000000000000, 0.0000000000000000, 0.0000000000000000, 0.0000086219332777, -0.0000082599953750, -0.0000063644044460, 0.0000375930861076, 0.0000392403464419, 0.0000000000000000, 0.0058101876764928, -0.0055662833137155, 0.0757348536482089
0.0553288095818793, 0.0216199870439758, 0.0016964983118634, 0.0576632360296147, 0.0230505247773211, 0.0024624423365425, -0.0159303453005898, -0.0097621238312396, 0.5906387084971845, 0.0741513195320224, 0.0454399669224131, -1.4778080764869150, -2.0912916124941821, 3.4126792578320710, -0.0000000000000044, -20.9445274918258448, 34.1783776635533343, -0.0000000000000315, 0.0017807360867880, 0.0010874029957165, 0.0000626806025452, 0.0000142726974104, 0.0000429333339263, 0.0000263095692132, -0.0001751885985940, 0.0000000000000000, 0.0000000000000000, 0.0000000000000000, 0.0000000000000000, 0.0000000000000000, 0.0000000000000000, 0.0000373466918870, 0.0000228860720850, -0.0001565682231312, -0.0000106108346207, 0.0000173153160478, 0.0000000000000000, -0.0324329697134340, -0.0198749405981592, -0.0224835892617433
0.0290874618204919, 0.0369218278235130, 0.0015333401098596, 0.0315381974688770, 0.0381514228658669, 0.0030035364071698, -0.0203211248402124, -0.0101956138660020, 0.5596058030780935, 0.0235628789746894, 0.0118220825611915, -1.4863054764061998, -9.0509757980929315, 18.0397189944689877, 0.0000000000000023, -11.2498489537721493, 22.4223463175132380, 0.0000000000000026, 0.0015943240488853, 0.0015432250795622, 0.0000449846426071, 0.0000407964431826, 0.0000786962605154, 0.0000394838716470, -0.0001619218457361, 0.0000000000000000, 0.0000000000000000, 0.0000000000000000, 0.0000000000000000, 0.0000000000000000, 0.0000000000000000, 0.0000704323521839, 0.0000353376632538, -0.0001469613902833, -0.0000196582121929, 0.0000391812586625, 0.0000000000000000, -0.0668722916960356, -0.0335514923425028, -0.0713150263565248
0.0523762363831463, 0.0372920561829589, 0.0036089555273217, 0.0533293232158555, 0.0356057006882541, 0.0016752683334853, -0.2224489286054612, 0.2548175985246087, -0.3144749519387251, 0.0118232744910803, -0.0799256507456569, 0.4288440043145779, -774.4282208560462095, -338.9147595110514999, -271.4598210047772682, 21.2608628162394737, -14.8759781946300969, 25.8257526091232386, 0.0010355179272757, 0.0018154622343441, 0.0000123255795537, 0.0000664195823482, -0.0000202235147384, 0.0000058525249669, -0.0000149796140863, 0.0000000000000000, 0.0000000000000000, 0.0000000000000000, 0.0000000000000000, 0.0000000000000000, 0.0000000000000000, -0.0000221427838634, 0.0000044135554323, -0.0000147628940633, -0.0000066636665721, -0.0000360056173700, 0.0000281158286604, -0.0113874308312283, 0.0981206953844253, 0.1229561544734454
0.0523762363831463, 0.0372920561829589, 0.0036089555273217, 0.0528984621410577, 0.0390583755245964, 0.0054337073834852, -0.2224489286054612, 0.2548175985246087, -0.3144749519387251, -0.0310200759001076, 0.1614160759855785, -1.3608219246089410, -774.4282208560462095, -338.9147595110514999, -271.4598210047772682, 29.1287115446299367, 75.2278524127901420, -79.0748340790869264, 0.0010355179272757, 0.0016546059081585, 0.0000123255795537, 0.0000502826543574, -0.0000258451943980, 0.0000073940905539, 0.0000002072343861, -0.0000066636665721, -0.0000360056173700, 0.0000281158286604, -0.0113874308312283, 0.0981206953844253, 0.1229561544734454, -0.0000280762910636, 0.0000076308724822, 0.0000006486387270, -0.0000019582592384, -0.0000014260211092, -0.0000067030944704, 0.0021464064809606, -0.0230434348182100, 0.0044537966935845
0.0304809290952162, 0.0031145198308640, 0.0010038597559472, 0.0319799263579857, 0.0043605525996644, 0.0024832532784103, -0.1912425107931485, -0.1589692263985043, 0.1850571064891672, 0.0763700091790668, 0.0634821265883415, -1.3552546244533816, -248.0093138121234517, 298.3591538315664593, -0.0000000000002407, -74.3000019792607418, 89.3840855388564535, -0.0000000000000603, 0.0010452190963762, 0.0014774787349056, 0.0000126752487361, 0.0000358012507886, 0.0000086881521043, 0.0000072219759776, -0.0000147063609828, 0.0000000000000000, 0.0000000000000000, 0.0000000000000000, 0.0000000000000000, 0.0000000000000000, 0.0000000000000000, 0.0000046229879290, 0.0000038428318666, -0.0000079209084697, -0.0000291820168739, 0.0000351064309955, -0.0000000000000000, -0.0507631900944674, -0.0421966069435582, -0.1049303555498808
0.0190944620848491, 0.0099900257485125, 0.0037057641096051, 0.0185328405074283, 0.0127319190357572, 0.0017650274642630, 0.0609117534820879, -0.2973773350266172, -0.9331272314888729, -0.0103214112395752, 0.0503901725475892, 0.2302490381379892, 453.1447936812933222, 92.8175779164072736, 0.0000000000001481, 55.4714552284908677, 11.3622095842244573, 0.0000000000000612, 0.0015647890724078, 0.0019516836292817, 0.0000425306379428, 0.0000825206691717, 0.0000039032137595, -0.0000190558839548, -0.0000278493663843, 0.0000000000000000, 0.0000000000000000, 0.0000000000000000, 0.0000000000000000, 0.0000000000000000, 0.0000000000000000, 0.0000042546507811, -0.0000207716350037, -0.0000305776213415, 0.0001425054388365, 0.0000291893669687, -0.0000000000000000, 0.0223407880296243, -0.1090699844751281, 0.1903238371392018
0.0462235555255171, 0.0098654039316380, 0.0034709916588231, 0.0460285230462538, 0.0126592649310807, 0.0016830175491601, 0.0232536809170717, -0.3331114512471350, -1.3338445796133831, -0.0188779260399855, 0.2704282974442551, 0.4676199220605908, -57.5144856757186318, -4.0149430258412151, 0.0000000000005689, -57.1495732738135729, -3.9894693997476907, 0.0000000000004486, 0.0016622623692557, 0.0017639671283606, 0.0000509839175551, 0.0000609264601992, -0.0000056942363987, 0.0000815705417678, 0.0001265304704045, 0.0000000000000000, 0.0000000000000000, 0.0000000000000000, 0.0000000000000000, 0.0000000000000000, 0.0000000000000000, -0.0000048804685171, 0.0000699132303524, 0.0001097777067580, 0.0001379181026798, 0.0000096277193126, 0.0000000000000000, 0.0084498328795197, -0.1210447543049457, 0.1761406003557529
0.0493330270893618, 0.0147317610234744, 0.0036200550422144, 0.0483193360165089, 0.0157028986214753, 0.0009968131134806, 0.0016202124034752, -0.0015521979268633, -1.4882727628220238, -0.0004124355563354, 0.0003951220309976, -0.4534521992912690, 9.3224908980687040, 9.7309854129612301, 0.0000000000000002, 65.3336923679008663, 68.1964953742831739, 0.0000000000000021, 0.0019051573075844, 0.0011047394611429, 0.0000767585930902, 0.0000149662875420, 0.0000086219332777, -0.0000082599953750, -0.0000063644044460, 0.0000000000000000, 0.0000000000000000, 0.0000000000000000, 0.0000000000000000, 0.0000000000000000, 0.0000000000000000, 0.0000109110309407, -0.0000104529996004, -0.0000080860691313, 0.0000445747736024, 0.0000465279587241, 0.0000000000000000, 0.0085708850503527, -0.0082110900879453, 0.0938601871850657
0.0553286033675964, 0.0216198606757567, 0.0017023452181970, 0.0576642047806529, 0.0230511184284578, 0.0024478208034397, -0.0206214282883983, -0.0126368219100009, 0.5846906333535951, 0.0968751038181034, 0.0593651136740586, -1.4621533102870283, -3.0101697092653796, 4.9121526945314642, -0.0000000000000037, -30.5428074012958959, 49.8413538655419046, -0.0000000000000267, 0.0017807360867880, 0.0010874029957165, 0.0000626806025452, 0.0000142726974104, 0.0000373466918870, 0.0000228860720850, -0.0001565682231312, 0.0000000000000000, 0.0000000000000000, 0.0000000000000000, 0.0000000000000000, 0.0000000000000000, 0.0000000000000000, 0.0000320627073416, 0.0000196480436254, -0.0001381763821334, -0.0000170999085927, 0.0000279045270475, 0.0000000000000000, -0.0320299590019978, -0.0196279754259598, -0.0292701921463427
0.0290871300779692, 0.0369216613800365, 0.0015387123105536, 0.0315385970146322, 0.0381516233279119, 0.0029888471783762, -0.0331742522687738, -0.0166443476473531, 0.5372200693945481, 0.0399545755245028, 0.0200462045005372, -1.4689228793666607, -11.7657063002127771, 23.4505140840188098, 0.0000000000000108, -16.1460118293195478, 32.1810070847463621, 0.0000000000000123, 0.0015943240488853, 0.0015432250795622, 0.0000449846426071, 0.0000407964431826, 0.0000704323521839, 0.0000353376632538, -0.0001469613902833, 0.0000000000000000, 0.0000000000000000, 0.0000000000000000, 0.0000000000000000, 0.0000000000000000, 0.0000000000000000, 0.0000625028482189, 0.0000313592338503, -0.0001322596500933, -0.0000216925670664, 0.0000432359806142, 0.0000000000000000, -0.0731599049214615, -0.0367061443162142, -0.0775971911244125
0.0523740293081041, 0.0372944174027470, 0.0036058459313847, 0.0533294187751381, 0.0356048099453493, 0.0016796224011683, -0.2207075042192038, 0.2361219788032193, -0.3109595937040249, 0.0095559282643342, -0.0890742904792177, 0.4354067682942583, -778.1323626213452371, -341.6121471934687293, -284.1390473796363949, 27.6715719144638683, -16.6016855682327922, 31.4549945573459695, 0.0010355179272757, 0.0018154622343441, 0.0000123255795537, 0.0000664195823482, -0.0000221427838634, 0.0000044135554323, -0.0000147628940633, 0.0000000000000000, 0.0000000000000000, 0.0000000000000000, 0.0000000000000000, 0.0000000000000000, 0.0000000000000000, -0.0000240377797398, 0.0000029852813162, -0.0000145410928219, -0.0000053978414898, -0.0000377293738002, 0.0000304174409214, -0.0107786301339821, 0.1031383675871790, 0.1260186449218425
0.0523740293081041, 0.0372944174027470, 0.0036058459313847, 0.0528981250247798, 0.0390602306514146, 0.0054203338556778, -0.2207075042192038, 0.2361219788032193, -0.3109595937040249, -0.0337116277851761, 0.1855126818133935, -1.3373527807364147, -778.1323626213452371, -341.6121471934687293, -284.1390473796363949, 30.4941333858133490, 85.2622091954995227, -89.1786390758031331, 0.0010355179272757, 0.0016546059081585, 0.0000123255795537, 0.0000502826543574, -0.0000280762910636, 0.0000076308724822, 0.0000006486387270, -0.0000053978414898, -0.0000377293738002, 0.0000304174409214, -0.0107786301339821, 0.1031383675871790, 0.1260186449218425, -0.0000298698721527, 0.0000076622525373, 0.0000011708895823, -0.0000023689960817, -0.0000026809121411, -0.0000045656758016, 0.0011688406760298, -0.0232729478454626, 0.0004056203615685
0.0304786780665601, 0.0031126486763671, 0.0010050424619250, 0.0319808318497439, 0.0043613052844295, 0.0024699928424775, -0.2251028656146687, -0.1871154496897160, 0.1182705977790729, 0.0905491758216431, 0.0752684765102156, -1.3260435932810146, -288.3895353711737926, 346.9372033842382734, -0.0000000000002799, -87.4955836321366860, 105.2585803945208625, -0.0000000000000701, 0.0010452190963762, 0.0014774787349056, 0.0000126752487361, 0.0000358012507886, 0.0000046229879290, 0.0000038428318666, -0.0000079209084697, 0.0000000000000000, 0.0000000000000000, 0.0000000000000000, 0.0000000000000000, 0.0000000000000000, 0.0000000000000000, 0.0000012291708058, 0.0000010217410935, -0.0000021312717384, -0.0000288437535181, 0.0000346994947920, -0.0000000000000000, -0.0512307414082831, -0.0425852562577230, -0.1039236808958902
0.0190951237310765, 0.0099867955247779, 0.0036968793544853, 0.0185327347459331, 0.0127324353740629, 0.0017675670940408, 0.0661646227335882, -0.3230223734626515, -0.8884755119833848, -0.0105761495192024, 0.0516338305674997, 0.2539629777852207, 487.3551771556669792, 99.8248854656939244, 0.0000000000001439, 54.2704355161419301, 11.1162049025321696, 0.0000000000000595, 0.0015647890724078, 0.0019516836292817, 0.0000425306379428, 0.0000825206691717, 0.0000042546507811, -0.0000207716350037, -0.0000305776213415, 0.0000000000000000, 0.0000000000000000, 0.0000000000000000, 0.0000000000000000, 0.0000000000000000, 0.0000000000000000, 0.0000045424514640, -0.0000221767070170, -0.0000328841921971, 0.0001395282896798, 0.0000285795579680, -0.0000000000000000, 0.0228685951380535, -0.1116467921081398, 0.1889521786030495
0.0462238046358523, 0.0098618353996023, 0.0034579977146984, 0.0460283210712297, 0.0126621582447739, 0.0016874229963358, 0.0249110335264303, -0.3568532035701559, -1.2993944124729571, -0.0201975024164466, 0.2893313693218635, 0.4405447175731769, -33.0391344429127685, -2.3063797033552325, 0.0000000000005714, -39.2158574873091794, -2.7375613581732221, 0.0000000000004506, 0.0016622623692557, 0.0017639671283606, 0.0000509839175551, 0.0000609264601992, -0.0000048804685171, 0.0000699132303524, 0.0001097777067580, 0.0000000000000000, 0.0000000000000000, 0.0000000000000000, 0.0000000000000000, 0.0000000000000000, 0.0000000000000000, -0.0000041171833584, 0.0000589790893092, 0.0000937352889645, 0.0001591571087182, 0.0000111103614360, -0.0000000000000000, 0.0078064331723832, -0.1118279851000809, 0.1841835634163948
0.0493330544575126, 0.0147317348042041, 0.0036052936132990, 0.0483193425879356, 0.0157028923259088, 0.0009930475571040, 0.0027368150801662, -0.0026219270291540, -1.4761428915413617, 0.0006571426727461, -0.0006295566507835, -0.3765556376685162, 13.3223110761595578, 13.9060704018383223, 0.0000000000000002, 85.9765657563997934, 89.7439017511241701, 0.0000000000000021, 0.0019051573075844, 0.0011047394611429, 0.0000767585930902, 0.0000149662875420, 0.0000109110309407, -0.0000104529996004, -0.0000080860691313, 0.0000000000000000, 0.0000000000000000, 0.0000000000000000, 0.0000000000000000, 0.0000000000000000, 0.0000000000000000, 0.0000131210601248, -0.0000125702545422, -0.0000097650340319, 0.0000510711089511, 0.0000533089516161, 0.0000000000000000, 0.0119020311177832, -0.0114023988378685, 0.1125287466531474
0.0553283541024569, 0.0216197079259504, 0.0017081062199586, 0.0576653979458861, 0.0230518496007293, 0.0024334033675453, -0.0249265139450829, -0.0152749806248086, 0.5761001761639157, 0.1193165233206763, 0.0731172271404756, -1.4417435894422992, -4.4684703970232373, 7.2918841863333093, -0.0000000000000013, -46.0109317256780699, 75.0830498222474318, -0.0000000000000094, 0.0017807360867880, 0.0010874029957165, 0.0000626806025452, 0.0000142726974104, 0.0000320627073416, 0.0000196480436254, -0.0001381763821334, 0.0000000000000000, 0.0000000000000000, 0.0000000000000000, 0.0000000000000000, 0.0000000000000000, 0.0000000000000000, 0.0000282267996829, 0.0000172973974302, -0.0001251067820212, -0.0000206802747544, 0.0000337471561971, 0.0000000000000000, -0.0317934153595649, -0.0194830213596574, -0.0328585624196143
